<?xml version="1.0" encoding="UTF-8"?><metadata>
    <idinfo>
        <descript>
            <abstract>For source data: https://data.census.gov/cedsci/table?tid=ACSDP5Y2020.DP03.  Layer published for the Equity Explorer, a web experience developed by the LA County CEO Anti-Racism, Diversity, and Inclusion (ARDI) initiative in collaboration with eGIS and ISD.  Visit the Equity Explorer to explore Income and other equity related datasets and indices, including the COVID Vulnerability and Recovery Index.  Income per capita for census tracts in LA County from the US Census American Communities Survey (ACS), 2020.  Estimates are based on 2020 census tract boundaries, and tracts are joined to 2021 Supervisorial Districts, Service Planning Areas (SPA), and Countywide Statistical Areas (CSA).  For more information about this dataset, please contact egis@isd.lacounty.gov</abstract>
            <purpose>Income per Capita by census tract.  2020 ACS 5-Yr table DP03.</purpose>
        </descript>
        <keywords>
            <theme>
                <themekt>None</themekt>
                <themekey>ARDI</themekey>
                <themekey>ACS</themekey>
                <themekey>income</themekey>
                <themekey>arpa</themekey>
                <themekey>equity explorer</themekey>
            </theme>
        </keywords>
        <accconst>None</accconst>
        <useconst>The data herein is for informational purposes, and may not have been prepared for or be suitable for legal, engineering, or surveying intents. The County of Los Angeles reserves the right to change, restrict or discontinue access at any time. All users of the maps and data presented on https://lacounty.maps.arcgis.com or deriving from any LA County REST URLs, agree to the following Terms of Use as outlined on the County of LA Enterprise GIS (eGIS) Hub (https://egis-lacounty.hub.arcgis.com/pages/terms-of-use).</useconst>
        <datacred>ACS, Los Angeles County ISD-eGIS</datacred>
    </idinfo>
    <metainfo>
        <metstdn>FGDC Content Standard for Digital Geospatial Metadata</metstdn>
        <metstdv>FGDC-STD-001-1998</metstdv>
        <mettc>local time</mettc>
    </metainfo>
</metadata>
